{
  "KCNTT": "Trường Công nghệ thông tin & Truyền thông",
  "KCK": "Trường Cơ khí",
  "VCKDL": "Viện Cơ khí Động lực",
  "KD": "Trường Điện - Điện tử",
  "VCNSHVTP": "Viên Công nghệ Sinh học & Công nghệ Thực phẩm",
  "KCNHH": "Viện Kỹ thuật Hóa học",
  "BGDTC": "Khoa Giáo Dục Thể Chất",
  "VVLKT": "Viện Vật Lý Kỹ Thuật",
  "KKHVCNVL": "Viện Khoa học & Kỹ thuật Vật Liệu",
  "KKTVQL": "Viện Kinh tế & Quản lý",
  "KTTD": "Viện Toán tin & Ứng dụng",
  "KSPKT": "Viện Sư phạm Kỹ thuật",
  "KNN": "Khoa Ngôn Ngữ",
  "KCNDMVTT": "Viện Dệt may - Da giầy & Thời trang",
  "KML": "Khoa Lý luận chính trị",
  "VDTLT": "Viện Đào tạo Liên tục",
  "VMICA": "Viện Nghiên cứu quốc tế MICA",
  "KDTVT": "Viện Điên tử viễn thông",
  "VKHVCNMT": "Viện Khoa học và Công nghệ Môi trường",
  "VKHVCNNL": "Viện Khoa học & Công Nghệ Nhiệt Lạnh",
  "KGDQP": "Khoa Giáo dục Quốc phòng"
}