{
    "1":{
        "timeStart":"06:45",
        "timeEnd":"07:30"
    },
    "2":{
        "timeStart":"07:30",
        "timeEnd":"08:15"
    },
    "3":{
        "timeStart":"08:25",
        "timeEnd":"09:10"
    },
    "4":{
        "timeStart":"09:20",
        "timeEnd":"10:05"
    },
    "5":{
        "timeStart":"10:15",
        "timeEnd":"11:00"
    },
    "6":{
        "timeStart":"11:00",
        "timeEnd":"11:45"
    },
    "7":{
        "timeStart":"12:30",
        "timeEnd":"13:15"
    },
    "8":{
        "timeStart":"13:15",
        "timeEnd":"14:00"
    },
    "9":{
        "timeStart":"14:10",
        "timeEnd":"14:55"
    },
    "10":{
        "timeStart":"15:05",
        "timeEnd":"15:50"
    },
    "11":{
        "timeStart":"16:00",
        "timeEnd":"16:45"
    },
    "12":{
        "timeStart":"16:45",
        "timeEnd":"17:30"
    }
}